ChEMBL_ID,Compound_Name,SMILES,Class
REF_AMIFOSTINE,Amifostine,NCCCSCP(=O)(O)O,Thiol_Prodrug
REF_WR1065,WR-1065,NCCCS,Free_Thiol
REF_TROLOX,Trolox,Cc1c(C)c2c(c(C)c1O)CCC(O)(C(=O)O)O2,Phenolic_Antioxidant
REF_ASCORBIC_ACID,Ascorbic_Acid,O=C1OC(C(O)CO)C(O)=C1O,Enediol_Antioxidant
REF_EGCG,EGCG,O=C(OC1Cc2c(O)cc(O)cc2OC1c1cc(O)c(O)c(O)c1)c1cc(O)c(O)c(O)c1,Polyphenol
REF_HOECHST33258,Hoechst_33258,CN1CCN(c2ccc3c(c2)C2=NC(c4ccc(O)cc4)=CC2=N3)CC1,MGB_Bisbenzimidazole
REF_DAPI,DAPI,N=C(N)c1ccc(-c2nc3cc(C(=N)N)ccc3[nH]2)cc1,MGB_Bisamidine
REF_EBSELEN,Ebselen,O=c1c2ccccc2[se]n1-c1ccccc1,Organoselenium
REF_TEMPOL,Tempol,CC1(C)CC(O)CC(C)(C)N1[O],Nitroxide_Radical_Scavenger
REF_NETROPSIN,Netropsin,N=C(N)CCNC(=O)C1=NCC(NC(=O)C2=NCC(NC(=O)CC(=N)N)=C2)=C1,MGB_Polyamide
REF_DISTAMYCIN,Distamycin_A,CNC(=O)c1cc(NC(=O)c2cc(NC(=O)c3cc(NC=O)n(C)c3)n(C)c2)n(C)c1,MGB_Polyamide
REF_PENTAMIDINE,Pentamidine,N=C(N)c1ccc(OCCCCCOc2ccc(C(=N)N)cc2)cc1,MGB_Diamidine
CHEMBL446,SULFAMETHAZINE,Cc1cc(C)nc(NS(=O)(=O)c2ccc(N)cc2)n1,DNA_MGB_Intercalator
CHEMBL23013,PROPAMIDINE,N=C(N)c1ccc(OCCCOc2ccc(C(=N)N)cc2)cc1,DNA_MGB_Intercalator
CHEMBL25105,HEXAMIDINE,N=C(N)c1ccc(OCCCCCCOc2ccc(C(=N)N)cc2)cc1,DNA_MGB_Intercalator
CHEMBL24057,FURAMIDINE,N=C(N)c1ccc(-c2ccc(-c3ccc(C(=N)N)cc3)o2)cc1,DNA_MGB_Intercalator
CHEMBL30044,DIBROMPROPAMIDINE,N=C(N)c1ccc(OCCCOc2ccc(C(=N)N)cc2Br)c(Br)c1,DNA_MGB_Intercalator
CHEMBL35241,DIMINAZENE,N=C(N)c1ccc(/N=N/Nc2ccc(C(=N)N)cc2)cc1,DNA_MGB_Intercalator
CHEMBL448416,LIDAMIDINE,CNC(=N)NC(=O)Nc1c(C)cccc1C,DNA_MGB_Intercalator
CHEMBL319669,PAFURAMIDINE,CONC(=N)c1ccc(-c2ccc(-c3ccc(C(=N)NOC)cc3)o2)cc1,DNA_MGB_Intercalator
CHEMBL216318,CHEMBL216318,N=C(N)N1CCCCC1.O=S(O)O,DNA_MGB_Intercalator
CHEMBL142304,STILBAMIDINE,N=C(N)c1ccc(/C=C/c2ccc(C(=N)N)cc2)cc1,DNA_MGB_Intercalator
CHEMBL1301,HYDROXYSTILBAMIDINE,N=C(N)c1ccc(/C=C/c2ccc(C(=N)N)cc2O)cc1,DNA_MGB_Intercalator
CHEMBL361506,PENTAMIDINE ISETHIONATE,N=C(N)c1ccc(OCCCCCOc2ccc(C(=N)N)cc2)cc1.O=S(=O)(O)CCO.O=S(=O)(O)CCO,DNA_MGB_Intercalator
CHEMBL1539,SULFADOXINE,COc1ncnc(NS(=O)(=O)c2ccc(N)cc2)c1OC,DNA_MGB_Intercalator
CHEMBL545184,CHEMBL545184,Cl.N=C(N)c1ccc(N)cc1,DNA_MGB_Intercalator
CHEMBL1355596,BUNAMIDINE,CCCCCCOc1ccc(C(=N)N(CCCC)CCCC)c2ccccc12,DNA_MGB_Intercalator
CHEMBL1398126,AMILORIDE HYDROCHLORIDE,Cl.N=C(N)NC(=O)c1nc(Cl)c(N)nc1N.O.O,DNA_MGB_Intercalator
CHEMBL1490570,LIDAMIDINE HYDROCHLORIDE,CNC(=N)NC(=O)Nc1c(C)cccc1C.Cl,DNA_MGB_Intercalator
CHEMBL2023895,HYDROXYSTILBAMIDINE ISETHIONATE,N=C(N)c1ccc(/C=C/c2ccc(C(=N)N)cc2O)cc1.O=S(=O)(O)CCO.O=S(=O)(O)CCO,DNA_MGB_Intercalator
CHEMBL2104240,BUNAMIDINE HYDROCHLORIDE,CCCCCCOc1ccc(C(=N)N(CCCC)CCCC)c2ccccc12.Cl,DNA_MGB_Intercalator
CHEMBL2104517,XYLAMIDINE TOSYLATE,COc1cccc(OC(C)CNC(=N)Cc2cccc(C)c2)c1.Cc1ccc(S(=O)(=O)O)cc1,DNA_MGB_Intercalator
CHEMBL2104702,OLMIDINE,N=C(N)C(O)c1ccc2c(c1)OCO2,DNA_MGB_Intercalator
CHEMBL2106136,BUCOLOME,CCCCC1C(=O)NC(=O)N(C2CCCCC2)C1=O,DNA_MGB_Intercalator
CHEMBL2107359,PAFURAMIDINE MALEATE,CONC(=N)c1ccc(-c2ccc(-c3ccc(C(=N)NOC)cc3)o2)cc1.O=C(O)/C=C\C(=O)O,DNA_MGB_Intercalator
CHEMBL2107375,TARIBAVIRIN HYDROCHLORIDE,Cl.N=C(N)c1ncn([C@@H]2O[C@H](CO)[C@@H](O)[C@H]2O)n1,DNA_MGB_Intercalator
CHEMBL2107527,STILBAMIDINE ISETHIONATE,N=C(N)c1ccc(/C=C/c2ccc(C(=N)N)cc2)cc1.O=S(=O)(O)CCO.O=S(=O)(O)CCO,DNA_MGB_Intercalator
CHEMBL2111024,NITRAFUDAM,N=C(N)c1ccc(-c2ccccc2[N+](=O)[O-])o1,DNA_MGB_Intercalator
CHEMBL3989458,ROLGAMIDINE,CC1C=CC(C)N1CC(=O)N=C(N)N,DNA_MGB_Intercalator
CHEMBL1987518,ENSULIZOLE,O=S(=O)(O)c1ccc2[nH]c(-c3ccccc3)nc2c1,DNA_MGB_Intercalator
CHEMBL43184,AMINACRINE,Nc1c2ccccc2nc2ccccc12,DNA_MGB_Intercalator
CHEMBL39677,ACRIDINE,c1ccc2nc3ccccc3cc2c1,DNA_MGB_Intercalator
CHEMBL94007,ETHACRIDINE,CCOc1ccc2nc3cc(N)ccc3c(N)c2c1,DNA_MGB_Intercalator
CHEMBL118841,PYRAZOLOACRIDINE,COc1ccc2c(c1)-c1nn(CCCN(C)C)c3ccc([N+](=O)[O-])c(c13)N2,DNA_MGB_Intercalator
CHEMBL209342,ACRIDINE YELLOW G,Cc1cc2cc3cc(C)c(NC(=O)CC(N)C(=O)O)cc3nc2cc1N,DNA_MGB_Intercalator
CHEMBL1330022,AMINACRINE HYDROCHLORIDE,Cl.Nc1c2ccccc2nc2ccccc12,DNA_MGB_Intercalator
CHEMBL2355915,ETHACRIDINE LACTATE,CC(O)C(=O)O.CCOc1ccc2nc3cc(N)ccc3c(N)c2c1.O,DNA_MGB_Intercalator
CHEMBL4297411,OCTAHYDROAMINOACRIDINE SUCCINATE,Nc1c2c(nc3c1CCCC3)CCCC2.O=C(O)CCC(=O)O,DNA_MGB_Intercalator
CHEMBL107217,DITIOCARB SODIUM,CCN(CC)C(=S)[S-].[Na+],Thiol_Selenium_Redox
CHEMBL1314,TIOPRONIN,CC(S)C(=O)NCC(=O)O,Thiol_Selenium_Redox
CHEMBL396416,CARBOCYSTEINE,N[C@@H](CSCC(=O)O)C(=O)O,Thiol_Selenium_Redox
CHEMBL1201382,WR-1065,NCCCNCCS,Thiol_Selenium_Redox
CHEMBL2096650,SODIUM THIOSULFATE,O.O.O.O.O.O=S([O-])([O-])=S.[Na+].[Na+],Thiol_Selenium_Redox
CHEMBL2106099,DACISTEINE,CC(=O)N[C@@H](CSC(C)=O)C(=O)O,Thiol_Selenium_Redox
CHEMBL2106441,NOXYTIOLIN,CNC(=S)NCO,Thiol_Selenium_Redox
CHEMBL2107112,TIXOCORTOL PIVALATE,CC(C)(C)C(=O)SCC(=O)[C@@]1(O)CC[C@H]2[C@@H]3CCC4=CC(=O)CC[C@]4(C)[C@H]3[C@@H](O)C[C@@]21C,Thiol_Selenium_Redox
CHEMBL2110631,XANTHIOL,OCCCN1CCN(CCCC2c3ccccc3Sc3ccc(Cl)cc32)CC1,Thiol_Selenium_Redox
CHEMBL2364621,PALBOCICLIB ISETHIONATE,CC(=O)c1c(C)c2cnc(Nc3ccc(N4CCNCC4)cn3)nc2n(C2CCCC2)c1=O.O=S(=O)(O)CCO,Thiol_Selenium_Redox
CHEMBL3989878,XANTHIOL HYDROCHLORIDE,Cl.Cl.OCCCN1CCN(CCCC2c3ccccc3Sc3ccc(Cl)cc32)CC1,Thiol_Selenium_Redox
CHEMBL600,ACETYLCYSTEINE,CC(=O)N[C@@H](CS)C(=O)O,Thiol_Selenium_Redox
CHEMBL863,CYSTEINE,N[C@@H](CS)C(=O)O,Thiol_Selenium_Redox
CHEMBL62382,METHYLSELENOCYSTEINE,C[Se]C[C@H](N)C(=O)O,Thiol_Selenium_Redox
CHEMBL442218,PROCYSTEINE,O=C1N[C@H](C(=O)O)CS1,Thiol_Selenium_Redox
CHEMBL1430,PENICILLAMINE,CC(C)(S)[C@@H](N)C(=O)O,Thiol_Selenium_Redox
CHEMBL1200630,CYSTEINE HYDROCHLORIDE,Cl.N[C@@H](CS)C(=O)O,Thiol_Selenium_Redox
CHEMBL1622757,MECYSTEINE,COC(=O)C(N)CS,Thiol_Selenium_Redox
CHEMBL2105861,PRENISTEINE,CC(C)=CCSC[C@H](N)C(=O)O,Thiol_Selenium_Redox
CHEMBL6068327,ACETYLCYSTEINE LYSINE,CC(=O)N[C@@H](CS)C(=O)O.NCCCC[C@H](N)C(=O)O,Thiol_Selenium_Redox
CHEMBL291888,CHEMBL291888,O=C(O)c1cccc(S)c1,Thiol_Selenium_Redox
CHEMBL343448,ROMIDEPSIN,C/C=C1\NC(=O)[C@H]2CSSCC/C=C/[C@H](CC(=O)N[C@H](C(C)C)C(=O)N2)OC(=O)[C@H](C(C)C)NC1=O,Thiol_Selenium_Redox
CHEMBL156219,CHEMBL156219,N#CC(C#N)=C([S-])[S-].[Zn+2],Thiol_Selenium_Redox
CHEMBL156199,CHEMBL156199,N#CC(C#N)=C([S-])[S-].[K+].[K+],Thiol_Selenium_Redox
CHEMBL1425,MERCAPTOPURINE ANHYDROUS,Sc1ncnc2nc[nH]c12,Thiol_Selenium_Redox
CHEMBL448290,THIOINOSINE,OC[C@H]1O[C@@H](n2cnc3c(S)ncnc32)[C@H](O)[C@@H]1O,Thiol_Selenium_Redox
CHEMBL1597,DIMERCAPROL,OCC(S)CS,Thiol_Selenium_Redox
CHEMBL1098319,2-MERCAPTOETHANESULFONIC ACID,O=S(=O)(O)CCS,Thiol_Selenium_Redox
CHEMBL1200751,MERCAPTOPURINE,O.S=c1[nH]cnc2nc[nH]c12,Thiol_Selenium_Redox
CHEMBL1201073,SUCCIMER,O=C(O)[C@@H](S)[C@@H](S)C(=O)O,Thiol_Selenium_Redox
CHEMBL1237125,THIOINOSINE MONOPHOSPHATE,O=P(O)(O)OC[C@H]1O[C@@H](n2cnc3c(S)ncnc32)[C@H](O)[C@@H]1O,Thiol_Selenium_Redox
CHEMBL1615778,MERTIATIDE,O=C(O)CNC(=O)CNC(=O)CNC(=O)CS,Thiol_Selenium_Redox
CHEMBL1624767,"2,3-DIMERCAPTO-1-PROPANESULFONIC ACID",O=S(=O)(O)CC(S)CS,Thiol_Selenium_Redox
CHEMBL2105909,ALMECILLIN,C=CCSCC(=O)N[C@@H]1C(=O)N2[C@@H]1SC(C)(C)[C@@H]2C(=O)O,Thiol_Selenium_Redox
CHEMBL1006,AMIFOSTINE,NCCCNCCSP(=O)(O)O,Thiol_Selenium_Redox
CHEMBL1372,OXIGLUTATIONE,N[C@@H](CCC(=O)N[C@@H](CSSC[C@H](NC(=O)CC[C@H](N)C(=O)O)C(=O)NCC(=O)O)C(=O)NCC(=O)O)C(=O)O,Thiol_Selenium_Redox
CHEMBL549473,DIPYRITHIONE,[O-][n+]1ccccc1SSc1cccc[n+]1[O-],Thiol_Selenium_Redox
CHEMBL1200680,SELENIUM SULFIDE,S=[Se]=S,Thiol_Selenium_Redox
CHEMBL113178,SELENOMETHIONINE,C[Se]CC[C@H](N)C(=O)O,Thiol_Selenium_Redox
CHEMBL1201054,SELENOMETHIONINE SE 75,C[75Se]CC[C@H](N)C(=O)O,Thiol_Selenium_Redox
CHEMBL50,QUERCETIN,O=c1c(O)c(-c2ccc(O)c(O)c2)oc2cc(O)cc(O)c12,Polyphenol_Antioxidant
CHEMBL31574,FISETIN,O=c1c(O)c(-c2ccc(O)c(O)c2)oc2cc(O)ccc12,Polyphenol_Antioxidant
CHEMBL150,KAEMPFEROL,O=c1c(O)c(-c2ccc(O)cc2)oc2cc(O)cc(O)c12,Polyphenol_Antioxidant
CHEMBL226335,RUTIN,C[C@@H]1O[C@@H](OC[C@H]2O[C@@H](Oc3c(-c4ccc(O)c(O)c4)oc4cc(O)cc(O)c4c3=O)[C@H](O)[C@@H](O)[C@@H]2O)[C@H](O)[C@H](O)[C@H]1O,Polyphenol_Antioxidant
CHEMBL250450,ISOQUERCETIN,O=c1c(O[C@@H]2O[C@H](CO)[C@@H](O)[C@H](O)[C@H]2O)c(-c2ccc(O)c(O)c2)oc2cc(O)cc(O)c12,Polyphenol_Antioxidant
CHEMBL4297397,QUERCETIN-3'-O-PHOSPHATE,O=c1c(O)c(-c2ccc(O)c(OP(=O)(O)O)c2)oc2cc(O)cc(O)c12,Polyphenol_Antioxidant
CHEMBL297453,EPIGALOCATECHIN GALLATE,O=C(O[C@@H]1Cc2c(O)cc(O)cc2O[C@@H]1c1cc(O)c(O)c(O)c1)c1cc(O)c(O)c(O)c1,Polyphenol_Antioxidant
CHEMBL311498,CIANIDANOL,Oc1cc(O)c2c(c1)O[C@H](c1ccc(O)c(O)c1)[C@@H](O)C2,Polyphenol_Antioxidant
CHEMBL129482,(+)-EPICATECHIN,Oc1cc(O)c2c(c1)O[C@@H](c1ccc(O)c(O)c1)[C@@H](O)C2,Polyphenol_Antioxidant
CHEMBL583912,(-)-EPICATECHIN,Oc1cc(O)c2c(c1)O[C@H](c1ccc(O)c(O)c1)[C@H](O)C2,Polyphenol_Antioxidant
CHEMBL44,GENISTEIN,O=c1c(-c2ccc(O)cc2)coc2cc(O)cc(O)c12,Polyphenol_Antioxidant
CHEMBL8145,DAIDZEIN,O=c1c(-c2ccc(O)cc2)coc2cc(O)ccc12,Polyphenol_Antioxidant
CHEMBL275638,FLAVONE,O=c1cc(-c2ccccc2)oc2ccccc12,Polyphenol_Antioxidant
CHEMBL151,LUTEOLIN,O=c1cc(-c2ccc(O)c(O)c2)oc2cc(O)cc(O)c12,Polyphenol_Antioxidant
CHEMBL62006,AMINOFLAVONE,Cc1c(F)c(N)c2c(=O)cc(-c3ccc(N)c(F)c3)oc2c1F,Polyphenol_Antioxidant
CHEMBL165790,IPRIFLAVONE,CC(C)Oc1ccc2c(=O)c(-c3ccccc3)coc2c1,Polyphenol_Antioxidant
CHEMBL366460,ISOFLAVONE,O=c1c(-c2ccccc2)coc2ccccc12,Polyphenol_Antioxidant
CHEMBL208988,CHEMBL208988,COc1ccc(-c2cc(=O)c3c(O)cc(O)cc3o2)cc1-c1c(OC)cc(O)c2c(=O)cc(-c3ccc(O)cc3)oc12,Polyphenol_Antioxidant
CHEMBL242341,FORMONONETIN,COc1ccc(-c2coc3cc(O)ccc3c2=O)cc1,Polyphenol_Antioxidant
CHEMBL239276,CHEMBL239276,O=c1c(O)c(-c2ccccc2)oc2cccc(O)c12,Polyphenol_Antioxidant
CHEMBL239156,CHEMBL239156,O=c1c(-c2ccc(O)cc2)coc2cc(O)c(O)cc12,Polyphenol_Antioxidant
CHEMBL465971,CHEMBL465971,O=C1CC(c2ccc(Oc3cc(C4CC(=O)c5c(O)cc(O)cc5O4)ccc3O)cc2)Oc2cc(O)cc(O)c21,Polyphenol_Antioxidant
CHEMBL516700,CHEMBL516700,O=C1CC(c2ccc(Oc3cc(-c4cc(=O)c5c(O)cc(O)cc5o4)ccc3O)cc2)Oc2cc(O)cc(O)c21,Polyphenol_Antioxidant
CHEMBL450522,SOTETSUFLAVONE,COc1cc(O)c2c(=O)cc(-c3ccc(O)cc3)oc2c1-c1cc(-c2cc(=O)c3c(O)cc(O)cc3o2)ccc1O,Polyphenol_Antioxidant
CHEMBL1779468,CHEMBL1779468,O=c1c(-c2c(-c3ccccc3)oc3ccccc3c2=O)c(-c2ccccc2)oc2ccccc12,Polyphenol_Antioxidant
CHEMBL2107011,OXYPERTINE,COc1cc2[nH]c(C)c(CCN3CCN(c4ccccc4)CC3)c2cc1OC,Polyphenol_Antioxidant
CHEMBL4297606,RECOFLAVONE,COc1ccc(-c2cc(=O)c3c(OC)cc(OCC(=O)O)cc3o2)cc1OC,Polyphenol_Antioxidant
CHEMBL165,RESVERATROL,Oc1ccc(/C=C/c2cc(O)cc(O)c2)cc1,Polyphenol_Antioxidant
CHEMBL142652,PICEID,OC[C@H]1O[C@@H](Oc2cc(O)cc(/C=C/c3ccc(O)cc3)c2)[C@H](O)[C@@H](O)[C@@H]1O,Polyphenol_Antioxidant
CHEMBL1173450,CHEMBL1173450,O=S(=O)([O-])Oc1ccc(/C=C/c2cc(O)cc(O)c2)cc1.[K+],Polyphenol_Antioxidant
CHEMBL1173683,CHEMBL1173683,O=S(=O)([O-])Oc1ccc(/C=C/c2cc(O)cc(OS(=O)(=O)[O-])c2)cc1.[K+].[K+],Polyphenol_Antioxidant
CHEMBL273386,"2,4-DINITROPHENOL",O=[N+]([O-])c1ccc(O)c([N+](=O)[O-])c1,Polyphenol_Antioxidant
CHEMBL526,PROPOFOL,CC(C)c1cccc(C(C)C)c1O,Polyphenol_Antioxidant
CHEMBL544,MEQUINOL,COc1ccc(O)cc1,Polyphenol_Antioxidant
CHEMBL13766,GUAIACOL,COc1ccccc1O,Polyphenol_Antioxidant
CHEMBL112,ACETAMINOPHEN,CC(=O)Nc1ccc(O)cc1,Polyphenol_Antioxidant
CHEMBL16073,PHENACETIN,CCOc1ccc(NC(C)=O)cc1,Polyphenol_Antioxidant
CHEMBL866,MYCOPHENOLIC ACID,COc1c(C)c2c(c(O)c1C/C=C(\C)CCC(=O)O)C(=O)OC2,Polyphenol_Antioxidant
CHEMBL57053,PARACHLOROPHENOL,Oc1ccc(Cl)cc1,Polyphenol_Antioxidant
CHEMBL63857,PHENOLPHTHALEIN,O=C1OC(c2ccc(O)cc2)(c2ccc(O)cc2)c2ccccc21,Polyphenol_Antioxidant
CHEMBL81721,TRIIODOPHENOL,Oc1c(I)cc(I)cc1I,Polyphenol_Antioxidant
CHEMBL83527,PTEROSTILBENE,COc1cc(/C=C/c2ccc(O)cc2)cc(OC)c1,Polyphenol_Antioxidant
CHEMBL108541,TRINITROPHENOL,O=[N+]([O-])c1cc([N+](=O)[O-])c(O)c([N+](=O)[O-])c1,Polyphenol_Antioxidant
CHEMBL155572,2-(AMINOMETHYL)PHENOL,NCc1ccccc1O,Polyphenol_Antioxidant
CHEMBL1388,MONOBENZONE,Oc1ccc(OCc2ccccc2)cc1,Polyphenol_Antioxidant
CHEMBL206260,CHEMBL206260,N=C(N)NCCc1ccc(O)cc1.O=C(O)C(F)(F)F,Polyphenol_Antioxidant
CHEMBL1456,MYCOPHENOLATE MOFETIL,COc1c(C)c2c(c(O)c1C/C=C(\C)CCC(=O)OCCN1CCOCC1)C(=O)OC2,Polyphenol_Antioxidant
CHEMBL258921,PHENOLSULFONPHTHALEIN,O=S1(=O)OC(c2ccc(O)cc2)(c2ccc(O)cc2)c2ccccc21,Polyphenol_Antioxidant
CHEMBL1546,HYDROXYAMPHETAMINE,CC(N)Cc1ccc(O)cc1,Polyphenol_Antioxidant
CHEMBL473535,FENTICLOR,Oc1ccc(Cl)cc1Sc1cc(Cl)ccc1O,Polyphenol_Antioxidant
CHEMBL521800,CHEMBL521800,O=C1OC(c2cc(Br)c(O)c(Br)c2)(c2cc(Br)c(O)c(Br)c2)c2ccccc21,Polyphenol_Antioxidant
CHEMBL457077,SALVIANOLIC ACID A,O=C(/C=C/c1ccc(O)c(O)c1/C=C/c1ccc(O)c(O)c1)O[C@H](Cc1ccc(O)c(O)c1)C(=O)O,Polyphenol_Antioxidant
CHEMBL1096784,CHEMBL1096784,COc1cc(C(c2ccc(O)c(OC)c2)c2ccc(O)c(OC)c2)ccc1O,Polyphenol_Antioxidant
CHEMBL1160714,PRENALTEROL,CC(C)NC[C@H](O)COc1ccc(O)cc1,Polyphenol_Antioxidant
CHEMBL1200705,HYDROXYAMPHETAMINE HYDROBROMIDE,Br.CC(N)Cc1ccc(O)cc1,Polyphenol_Antioxidant
CHEMBL1200955,MYCOPHENOLATE MOFETIL HYDROCHLORIDE,COc1c(C)c2c(c(O)c1C/C=C(\C)CCC(=O)OCCN1CCOCC1)C(=O)OC2.Cl,Polyphenol_Antioxidant
CHEMBL1328919,CLOROPHENE,Oc1ccc(Cl)cc1Cc1ccccc1,Polyphenol_Antioxidant
CHEMBL1398657,PHENOLSULFONIC ACID,O=S(=O)(O)c1ccc(O)cc1,Polyphenol_Antioxidant
CHEMBL1402684,OXYPHENISATIN ACETATE,CC(=O)Oc1ccc(C2(c3ccc(OC(C)=O)cc3)C(=O)Nc3ccccc32)cc1,Polyphenol_Antioxidant
CHEMBL1410808,CRESOL,Cc1ccc(O)cc1.Cc1cccc(O)c1.Cc1ccccc1O,Polyphenol_Antioxidant
CHEMBL1909288,TRIACETYLDIPHENOLISATIN,CC(=O)Oc1ccc(C2(c3ccc(OC(C)=O)cc3)C(=O)N(C(C)=O)c3ccccc32)cc1,Polyphenol_Antioxidant
CHEMBL2008672,PHOLEDRINE,CNC(C)Cc1ccc(O)cc1,Polyphenol_Antioxidant
CHEMBL2106643,MYCOPHENOLATE SODIUM,COc1c(C)c2c(c(O)c1C/C=C(\C)CCC(=O)[O-])C(=O)OC2.[Na+],Polyphenol_Antioxidant
CHEMBL2107128,NONOXYNOL 4,CCCCCCCCCc1ccc(OCCOCCOCCOCCO)cc1,Polyphenol_Antioxidant
CHEMBL3182532,HX-1171,CCCCCCOc1cc(C)c(O)c(C)c1C,Polyphenol_Antioxidant
CHEMBL3707216,4-DIMETHYLAMINOPHENOL,CN(C)c1ccc(O)cc1,Polyphenol_Antioxidant
CHEMBL3989534,PHENOLSULPHONATE SODIUM,O.O.O=S(=O)([O-])c1ccc(O)cc1.[Na+],Polyphenol_Antioxidant
CHEMBL4296740,BUTYLATED HYDROXYANISOLE,COc1ccc(O)c(C(C)(C)C)c1.COc1ccc(O)cc1C(C)(C)C,Polyphenol_Antioxidant
CHEMBL6068533,2-(AMINOMETHYL)PHENOL ACETATE,CC(=O)O.NCc1ccccc1O,Polyphenol_Antioxidant
CHEMBL7301,FENRETINIDE,CC1=C(/C=C/C(C)=C/C=C/C(C)=C/C(=O)Nc2ccc(O)cc2)C(C)(C)CCC1,Polyphenol_Antioxidant
CHEMBL6466,COUMARIN,O=c1ccc2ccccc2o1,Polyphenol_Antioxidant
CHEMBL424,SALICYLIC ACID,O=C(O)c1ccccc1O,Polyphenol_Antioxidant
CHEMBL39,SEROTONIN,NCCc1c[nH]c2ccc(O)cc12,Polyphenol_Antioxidant
CHEMBL487,DROLOXIFENE,CC/C(=C(/c1ccc(OCCN(C)C)cc1)c1cccc(O)c1)c1ccccc1,Polyphenol_Antioxidant
CHEMBL489,AFIMOXIFENE,CC/C(=C(\c1ccc(O)cc1)c1ccc(OCCN(C)C)cc1)c1ccccc1,Polyphenol_Antioxidant
CHEMBL77,ARTEMISIN,C[C@@H]1CC[C@H]2[C@@H](C)C(=O)O[C@@H]3O[C@]4(C)CC[C@@H]1C32OO4,Polyphenol_Antioxidant
CHEMBL491,HYDROXYFLUTAMIDE,CC(C)(O)C(=O)Nc1ccc([N+](=O)[O-])c(C(F)(F)F)c1,Polyphenol_Antioxidant
CHEMBL273862,HYDROXYCAMPTOTHECIN,CC[C@@]1(O)C(=O)OCc2c1cc1n(c2=O)Cc2cc3cc(O)ccc3nc2-1,Polyphenol_Antioxidant
CHEMBL497,CLIOQUINOL,Oc1c(I)cc(Cl)c2cccnc12,Polyphenol_Antioxidant
CHEMBL11608,TYRAMINE,NCCc1ccc(O)cc1,Polyphenol_Antioxidant
CHEMBL13883,VANILLIN,COc1cc(C=O)ccc1O,Polyphenol_Antioxidant
CHEMBL15841,ETHYLPARABEN,CCOC(=O)c1ccc(O)cc1,Polyphenol_Antioxidant
CHEMBL16699,ELLIPTINIUM,Cc1c2cc[n+](C)cc2c(C)c2c1[nH]c1ccc(O)cc12,Polyphenol_Antioxidant
CHEMBL587,SKF-89124A,CCCN(CCC)CCc1ccc(O)c2c1CC(=O)N2,Polyphenol_Antioxidant
CHEMBL130,CHLORAMPHENICOL,O=C(N[C@H](CO)[C@H](O)c1ccc([N+](=O)[O-])cc1)C(Cl)Cl,Polyphenol_Antioxidant
CHEMBL656,OXYCODONE,COc1ccc2c3c1O[C@H]1C(=O)CC[C@@]4(O)[C@@H](C2)N(C)CC[C@]314,Polyphenol_Antioxidant
CHEMBL666,FOSCARNET,O=C(O)P(=O)(O)O,Polyphenol_Antioxidant
CHEMBL677,LEVONORDEFRIN,C[C@H](N)[C@H](O)c1ccc(O)c(O)c1,Polyphenol_Antioxidant
CHEMBL699,ETOFYLLINE,Cn1c(=O)c2c(ncn2CCO)n(C)c1=O,Polyphenol_Antioxidant
CHEMBL287556,KOJIC ACID,O=c1cc(CO)occ1O,Polyphenol_Antioxidant
CHEMBL704,MESALAMINE,Nc1ccc(O)c(C(=O)O)c1,Polyphenol_Antioxidant
CHEMBL718,METHYLDOPA (RACEMIC),CC(N)(Cc1ccc(O)c(O)c1)C(=O)O,Polyphenol_Antioxidant
CHEMBL280802,SALICYL ALCOHOL,OCc1ccccc1O,Polyphenol_Antioxidant
CHEMBL731,4-HYDROXYCYCLOPHOSPHAMIDE,O=P1(N(CCCl)CCCl)NC(O)CCO1,Polyphenol_Antioxidant
CHEMBL733,ALDOIFOSFAMIDE,O=P1(NCCCl)OCCC(O)N1CCCl,Polyphenol_Antioxidant
CHEMBL145,CAFFEIC ACID,O=C(O)/C=C/c1ccc(O)c(O)c1,Polyphenol_Antioxidant
CHEMBL29411,THYMOL,Cc1ccc(C(C)C)c(O)c1,Polyphenol_Antioxidant
CHEMBL281202,CARVACROL,Cc1ccc(C(C)C)cc1O,Polyphenol_Antioxidant
CHEMBL146,BUTYLATED HYDROXYTOLUENE,Cc1cc(C(C)(C)C)c(O)c(C(C)(C)C)c1,Polyphenol_Antioxidant
CHEMBL769,4-(2-HYDROXY-3-ISOPROPYL-AMINOPROPOXY)BENZOIC ACID,CC(C)NCC(O)COc1ccc(C(=O)O)cc1,Polyphenol_Antioxidant
CHEMBL30400,OXILOFRINE,CNC(C)C(O)c1ccc(O)cc1,Polyphenol_Antioxidant
CHEMBL417675,PALMIDROL,CCCCCCCCCCCCCCCC(=O)NCCO,Polyphenol_Antioxidant
CHEMBL288114,GALLIC ACID,O=C(O)c1cc(O)c(O)c(O)c1,Polyphenol_Antioxidant
CHEMBL837,7-ETHYL-10-HYDROXYCAMPTOTHECIN,CCc1c2c(nc3ccc(O)cc13)-c1cc3c(c(=O)n1C2)COC(=O)[C@]3(O)CC,Polyphenol_Antioxidant
CHEMBL846,CALCITRIOL,C=C1/C(=C\C=C2/CCC[C@]3(C)[C@@H]([C@H](C)CCCC(C)(C)O)CC[C@@H]23)C[C@@H](O)C[C@@H]1O,Polyphenol_Antioxidant
CHEMBL896,HYDROXYZINE,OCCOCCN1CCN(C(c2ccccc2)c2ccc(Cl)cc2)CC1,Polyphenol_Antioxidant
CHEMBL53463,DOXORUBICIN,COc1cccc2c1C(=O)c1c(O)c3c(c(O)c1C2=O)C[C@@](O)(C(=O)CO)C[C@@H]3O[C@H]1C[C@H](N)[C@H](O)[C@H](C)O1,Polyphenol_Antioxidant
CHEMBL51934,VELNACRINE,Nc1c2c(nc3ccccc13)CCCC2O,Polyphenol_Antioxidant
CHEMBL53538,LODENAFIL,CCCc1nn(C)c2c(=O)[nH]c(-c3cc(S(=O)(=O)N4CCN(CCO)CC4)ccc3OCC)nc12,Polyphenol_Antioxidant
CHEMBL963,OXYMORPHONE,CN1CC[C@]23c4c5ccc(O)c4O[C@H]2C(=O)CC[C@@]3(O)[C@H]1C5,Polyphenol_Antioxidant
CHEMBL64286,N-P-COUMAROYL TYRAMINE,O=C(/C=C/c1ccc(O)cc1)NCCc1ccc(O)cc1,Polyphenol_Antioxidant
CHEMBL312311,PAROXYPROPIONE,CCC(=O)c1ccc(O)cc1,Polyphenol_Antioxidant
CHEMBL75124,NONIVAMIDE,CCCCCCCCC(=O)NCc1ccc(O)c(OC)c1,Polyphenol_Antioxidant
CHEMBL1040,CALCIFEDIOL ANHYDROUS,C=C1CC[C@H](O)C/C1=C/C=C1\CCC[C@]2(C)[C@@H]([C@H](C)CCCC(C)(C)O)CC[C@@H]12,Polyphenol_Antioxidant
CHEMBL310555,OXYQUINOLINE,Oc1cccc2cccnc12,Polyphenol_Antioxidant
CHEMBL1056,4-OH-ENCLOMIPHENE,CCN(CC)CCOc1ccc(/C(=C(/Cl)c2ccccc2)c2ccc(O)cc2)cc1,Polyphenol_Antioxidant
CHEMBL1067,LICARBAZEPINE,NC(=O)N1c2ccccc2CC(O)c2ccccc21,Polyphenol_Antioxidant
CHEMBL86754,IODOQUINOL,Oc1c(I)cc(I)c2cccnc12,Polyphenol_Antioxidant
CHEMBL95308,"3,5-DIHYDROXYBENZOIC ACID",O=C(O)c1cc(O)cc(O)c1,Polyphenol_Antioxidant
CHEMBL1137,4-HYDROXYPROPRANOLOL SULFATE,CC(C)NCC(O)COc1ccc(O)c2ccccc12,Polyphenol_Antioxidant
CHEMBL325372,METHYLPARABEN,COC(=O)c1ccc(O)cc1,Polyphenol_Antioxidant
CHEMBL1147,HYDROXYLATED DERIVATIVE,NS(=O)(=O)c1ccc(-c2c(-c3ccccc3)noc2CO)cc1,Polyphenol_Antioxidant
CHEMBL110739,CORTICOSTERONE,C[C@]12C[C@H](O)[C@H]3[C@@H](CCC4=CC(=O)CC[C@@]43C)[C@@H]1CC[C@@H]2C(=O)CO,Polyphenol_Antioxidant
CHEMBL1169,AMINOSALICYLIC ACID,Nc1ccc(C(=O)O)c(O)c1,Polyphenol_Antioxidant
CHEMBL117649,TEMPOL HYDROXYLAMINE,CC1(C)CC(O)CC(C)(C)N1O,Polyphenol_Antioxidant
CHEMBL333950,MAXACALCITOL,C=C1/C(=C\C=C2/CCC[C@]3(C)[C@@H]([C@H](C)OCCC(C)(C)O)CC[C@@H]23)C[C@@H](O)C[C@@H]1O,Polyphenol_Antioxidant
CHEMBL118218,IROFULVEN,CC1=C(CO)C2=C(C)C3(CC3)[C@@](C)(O)C(=O)C2=C1,Polyphenol_Antioxidant
CHEMBL124392,CHEMBL124392,COc1cc2c(c(OC)c1OC)C(=O)/C(=C/c1ccc(O)c(O)c1)O2,Polyphenol_Antioxidant
CHEMBL129796,PROLONIUM IODIDE,C[N+](C)(C)CC(O)C[N+](C)(C)C.[I-].[I-],Polyphenol_Antioxidant
CHEMBL133594,CHEMBL133594,N#Cc1ccc(/C=N/NC(=O)NO)cc1,Polyphenol_Antioxidant
CHEMBL220190,ASCORBYL PALMITATE,CCCCCCCCCCCCCCCC(=O)OC[C@H](O)[C@H]1OC(=O)C(O)=C1O,Radical_Scavenger_Control
CHEMBL196,ASCORBIC ACID,O=C1O[C@H]([C@@H](O)CO)C(O)=C1O,Radical_Scavenger_Control
CHEMBL591665,SODIUM ASCORBATE,O=C1O[C@H]([C@@H](O)CO)C([O-])=C1O.[Na+],Radical_Scavenger_Control
CHEMBL2087229,CHEMBL2087229,O.O=C1O[C@H]([C@@H](O)CO)C(O)=C1OP(=O)([O-])[O-].[Mg+2],Radical_Scavenger_Control
CHEMBL2107622,ASCORBYL GAMOLENATE,CCCCC/C=C\C/C=C\C/C=C\CCCCC(=O)OC[C@H](O)[C@H]1OC(=O)C(O)=C1O,Radical_Scavenger_Control
CHEMBL2146095,CALCIUM ASCORBATE,O=C1O[C@H]([C@@H](O)CO)C(O)=C1[O-].O=C1O[C@H]([C@@H](O)CO)C(O)=C1[O-].[Ca+2],Radical_Scavenger_Control
CHEMBL2218874,ZILASCORB (2H),[2H]C1(c2ccccc2)OC[C@@H]([C@H]2OC(=O)C(O)=C2O)O1,Radical_Scavenger_Control
CHEMBL2151591,GAMMA-TOCOPHEROL,Cc1c(O)cc2c(c1C)O[C@](C)(CCC[C@H](C)CCC[C@H](C)CCCC(C)C)CC2,Radical_Scavenger_Control
CHEMBL3989859,TOCOPHEROL ACETATE,CC(=O)Oc1c(C)c(C)c2c(c1C)CCC(C)(CCC[C@H](C)CCC[C@H](C)CCCC(C)C)O2,Radical_Scavenger_Control
CHEMBL1466,DICUMAROL,O=c1oc2ccccc2c(O)c1Cc1c(O)c2ccccc2oc1=O,Radical_Scavenger_Control
CHEMBL253551,FRAXIDIN METHYL ETHER,COc1cc2ccc(=O)oc2c(OC)c1OC,Radical_Scavenger_Control
CHEMBL1200879,WARFARIN SODIUM,CC(=O)CC(c1ccccc1)c1c([O-])c2ccccc2oc1=O.[Na+],Radical_Scavenger_Control
CHEMBL590,MENADIONE,CC1=CC(=O)c2ccccc2C1=O,Radical_Scavenger_Control
CHEMBL64130,NAPABUCASIN,CC(=O)c1cc2c(o1)C(=O)c1ccccc1C2=O,Radical_Scavenger_Control
CHEMBL313302,TRIAZIQUONE,O=C1C=C(N2CC2)C(=O)C(N2CC2)=C1N1CC1,Radical_Scavenger_Control
CHEMBL252556,IDEBENONE,COC1=C(OC)C(=O)C(CCCCCCCCCCO)=C(C)C1=O,Radical_Scavenger_Control
CHEMBL259223,MENATETRENONE,CC(C)=CCC/C(C)=C/CC/C(C)=C/CC/C(C)=C/CC1=C(C)C(=O)c2ccccc2C1=O,Radical_Scavenger_Control
CHEMBL1550,PHYTONADIONE,CC1=C(C/C=C(\C)CCC[C@H](C)CCC[C@H](C)CCCC(C)C)C(=O)c2ccccc2C1=O,Radical_Scavenger_Control
CHEMBL459815,GEROQUINOL,CC(C)=CCC/C(C)=C/Cc1cc(O)ccc1O,Radical_Scavenger_Control
CHEMBL531048,PHANQUONE,O=C1C(=O)c2ncccc2-c2cccnc21,Radical_Scavenger_Control
CHEMBL1229093,MITOQUINONE CATION,COC1=C(OC)C(=O)C(CCCCCCCCCC[P+](c2ccccc2)(c2ccccc2)c2ccccc2)=C(C)C1=O,Radical_Scavenger_Control
CHEMBL1230575,MENAQUINONE 7,CC(C)=CCC/C(C)=C/CC/C(C)=C/CC/C(C)=C/CC/C(C)=C/CC/C(C)=C/CC/C(C)=C/CC1=C(C)C(=O)c2ccccc2C1=O,Radical_Scavenger_Control
CHEMBL1329029,TETROQUINONE,O=C1C(O)=C(O)C(=O)C(O)=C1O,Radical_Scavenger_Control
CHEMBL1672002,THYMOQUINONE,CC1=CC(=O)C(C(C)C)=CC1=O,Radical_Scavenger_Control
CHEMBL1812161,VATIQUINONE,CC(C)=CCC/C(C)=C/CC/C(C)=C/CC[C@@](C)(O)CCC1=C(C)C(=O)C(C)=C(C)C1=O,Radical_Scavenger_Control
CHEMBL2106191,CALCIUM DOBESILATE,O=S(=O)([O-])c1cc(O)ccc1O.O=S(=O)([O-])c1cc(O)ccc1O.[Ca+2],Radical_Scavenger_Control
CHEMBL2106794,NAFTAZONE,NC(=O)N/N=C1\C=Cc2ccccc2C1=O,Radical_Scavenger_Control
CHEMBL4297659,MENAQUINONE,CC(C)=CCC/C(C)=C/CC/C(C)=C/CC/C(C)=C/CC/C(C)=C/CC1=C(C)C(=O)c2ccccc2C1=O,Radical_Scavenger_Control
CHEMBL5314971,MENAQUINONE 6,CC(C)=CCC/C(C)=C/CC/C(C)=C/CC/C(C)=C/CC/C(C)=C/CC/C(C)=C/CC1=C(C)C(=O)c2ccccc2C1=O,Radical_Scavenger_Control
CHEMBL6068323,INDOLOHYDROQUINONE,Cc1c(N)c(O)c2c(COC(N)=O)c3n(c2c1O)C[C@@H]1N[C@H]31,Radical_Scavenger_Control
